book,chapter,verse,word,strongs_ref,order
2_timothy,1,1,"Paul,",G3972,1
2_timothy,1,1,an,,2
2_timothy,1,1,apostle,G652,3
2_timothy,1,1,of,,4
2_timothy,1,1,Jesus,G2424,5
2_timothy,1,1,Christ,G5547,7
2_timothy,1,1,by,G1223,9
2_timothy,1,1,the,,10
2_timothy,1,1,will,G2307,11
2_timothy,1,1,of,,12
2_timothy,1,1,"God,",G2316,13
2_timothy,1,1,according,,14
2_timothy,1,1,to,G2596,15
2_timothy,1,1,the,,16
2_timothy,1,1,promise,G1860,17
2_timothy,1,1,of,,18
2_timothy,1,1,life,G2222,19
2_timothy,1,1,which,G3588,21
2_timothy,1,1,is,,22
2_timothy,1,1,in,G1722,23
2_timothy,1,1,Christ,G5547,25
2_timothy,1,1,"Jesus,",G2424,27
2_timothy,1,2,To,,29
2_timothy,1,2,"Timothy,",G5095,30
2_timothy,1,2,my dearly,,31
2_timothy,1,2,beloved,G27,32
2_timothy,1,2,son:,G5043,34
2_timothy,1,2,"Grace,",G5485,36
2_timothy,1,2,"mercy,",G1656,38
2_timothy,1,2,and,,39
2_timothy,1,2,"peace,",G1515,40
2_timothy,1,2,from,G575,42
2_timothy,1,2,God,G2316,44
2_timothy,1,2,the,,45
2_timothy,1,2,Father,G3962,46
2_timothy,1,2,and,G2532,48
2_timothy,1,2,Christ,G5547,50
2_timothy,1,2,Jesus,G2424,52
2_timothy,1,2,our,G2257,54
2_timothy,1,2,Lord.,G2962,56
2_timothy,1,3,I,,58
2_timothy,1,3,thank,G2192,59
2_timothy,1,3,*,G5485,61
2_timothy,1,3,"God,",G2316,63
2_timothy,1,3,whom,G3739,65
2_timothy,1,3,I,,66
2_timothy,1,3,serve,G3000,67
2_timothy,1,3,from,G575,69
2_timothy,1,3,my,,70
2_timothy,1,3,forefathers,G4269,71
2_timothy,1,3,with,G1722,73
2_timothy,1,3,pure,G2513,75
2_timothy,1,3,"conscience,",G4893,77
2_timothy,1,3,that,G5613,79
2_timothy,1,3,without,,80
2_timothy,1,3,ceasing,G88,81
2_timothy,1,3,I,,82
2_timothy,1,3,have,G2192,83
2_timothy,1,3,remembrance,G3417,85
2_timothy,1,3,of,G4012,87
2_timothy,1,3,thee,G4675,89
2_timothy,1,3,in,G1722,91
2_timothy,1,3,my,G3450,93
2_timothy,1,3,prayers,G1162,95
2_timothy,1,3,night,G3571,97
2_timothy,1,3,and,G2532,99
2_timothy,1,3,day;,G2250,101
2_timothy,1,4,Greatly,,103
2_timothy,1,4,desiring,G1971,104
2_timothy,1,4,to,,105
2_timothy,1,4,see,G1492,106
2_timothy,1,4,"thee,",G4571,108
2_timothy,1,4,being,,109
2_timothy,1,4,mindful,G3415,110
2_timothy,1,4,of,,111
2_timothy,1,4,thy,G4675,112
2_timothy,1,4,"tears,",G1144,114
2_timothy,1,4,that,G2443,116
2_timothy,1,4,I may be,,117
2_timothy,1,4,filled,G4137,118
2_timothy,1,4,with,,119
2_timothy,1,4,joy;,G5479,120
2_timothy,1,5,When I,,122
2_timothy,1,5,call,G2983,123
2_timothy,1,5,to,,124
2_timothy,1,5,remembrance,G5280,125
2_timothy,1,5,the,,126
2_timothy,1,5,unfeigned,G505,127
2_timothy,1,5,faith,G4102,129
2_timothy,1,5,that is,,130
2_timothy,1,5,in,G1722,131
2_timothy,1,5,"thee,",G4671,133
2_timothy,1,5,which,G3748,135
2_timothy,1,5,dwelt,G1774,137
2_timothy,1,5,first,G4412,139
2_timothy,1,5,in,G1722,141
2_timothy,1,5,thy,G4675,143
2_timothy,1,5,grandmother,G3125,145
2_timothy,1,5,"Lois,",G3090,147
2_timothy,1,5,and,G2532,149
2_timothy,1,5,thy,G4675,151
2_timothy,1,5,mother,G3384,153
2_timothy,1,5,Eunice;,G2131,155
2_timothy,1,5,and,G1161,157
2_timothy,1,5,I am,,158
2_timothy,1,5,persuaded,G3982,159
2_timothy,1,5,that,G3754,161
2_timothy,1,5,in,G1722,163
2_timothy,1,5,thee,G4671,165
2_timothy,1,5,also.,G2532,167
2_timothy,1,6,Wherefore,G156,170
2_timothy,1,6,*,G1223,172
2_timothy,1,6,I,G3739,174
2_timothy,1,6,put,G363,176
2_timothy,1,6,thee,G4571,178
2_timothy,1,6,in,,179
2_timothy,1,6,remembrance,G363,180
2_timothy,1,6,that thou stir,,181
2_timothy,1,6,up,G329,182
2_timothy,1,6,the,,183
2_timothy,1,6,gift,G5486,184
2_timothy,1,6,of,,185
2_timothy,1,6,"God,",G2316,186
2_timothy,1,6,which,G3739,188
2_timothy,1,6,is,G2076,190
2_timothy,1,6,in,G1722,192
2_timothy,1,6,thee,G4671,194
2_timothy,1,6,by,G1223,196
2_timothy,1,6,the putting,,197
2_timothy,1,6,on,G1936,198
2_timothy,1,6,of,,199
2_timothy,1,6,my,G3450,200
2_timothy,1,6,hands.,G5495,202
2_timothy,1,7,For,G1063,205
2_timothy,1,7,God,G2316,207
2_timothy,1,7,hath,G1325,209
2_timothy,1,7,not,G3756,211
2_timothy,1,7,given,G1325,213
2_timothy,1,7,us,G2254,215
2_timothy,1,7,the,,216
2_timothy,1,7,spirit,G4151,217
2_timothy,1,7,of,,218
2_timothy,1,7,fear;,G1167,219
2_timothy,1,7,but,G235,221
2_timothy,1,7,of,,222
2_timothy,1,7,"power,",G1411,223
2_timothy,1,7,and,G2532,225
2_timothy,1,7,of,,226
2_timothy,1,7,"love,",G26,227
2_timothy,1,7,and,G2532,229
2_timothy,1,7,of a sound,,230
2_timothy,1,7,mind.,G4995,231
2_timothy,1,8,Be,G1870,234
2_timothy,1,8,not,G3361,236
2_timothy,1,8,thou,G1870,238
2_timothy,1,8,therefore,G3767,240
2_timothy,1,8,ashamed,G1870,242
2_timothy,1,8,of the,,243
2_timothy,1,8,testimony,G3142,244
2_timothy,1,8,of,,245
2_timothy,1,8,our,G2257,246
2_timothy,1,8,"Lord,",G2962,248
2_timothy,1,8,nor,G3366,250
2_timothy,1,8,of,,251
2_timothy,1,8,me,G1691,252
2_timothy,1,8,his,G846,254
2_timothy,1,8,prisoner:,G1198,256
2_timothy,1,8,but,G235,258
2_timothy,1,8,be thou partaker of the,,259
2_timothy,1,8,afflictions,G4777,260
2_timothy,1,8,of the,,261
2_timothy,1,8,gospel,G2098,262
2_timothy,1,8,according,,263
2_timothy,1,8,to,G2596,264
2_timothy,1,8,the,,265
2_timothy,1,8,power,G1411,266
2_timothy,1,8,of,,267
2_timothy,1,8,God;,G2316,268
2_timothy,1,9,Who,G3588,271
2_timothy,1,9,hath,,272
2_timothy,1,9,saved,G4982,273
2_timothy,1,9,"us,",G2248,275
2_timothy,1,9,and,G2532,277
2_timothy,1,9,called,G2564,279
2_timothy,1,9,us with an,,280
2_timothy,1,9,holy,G40,281
2_timothy,1,9,"calling,",G2821,283
2_timothy,1,9,not,G3756,285
2_timothy,1,9,according,,286
2_timothy,1,9,to,G2596,287
2_timothy,1,9,our,G2257,289
2_timothy,1,9,"works,",G2041,291
2_timothy,1,9,but,G235,293
2_timothy,1,9,according,,294
2_timothy,1,9,to,G2596,295
2_timothy,1,9,his,,296
2_timothy,1,9,own,G2398,297
2_timothy,1,9,purpose,G4286,299
2_timothy,1,9,and,G2532,301
2_timothy,1,9,"grace,",G5485,303
2_timothy,1,9,which,G3588,305
2_timothy,1,9,was,,306
2_timothy,1,9,given,G1325,307
2_timothy,1,9,us,G2254,309
2_timothy,1,9,in,G1722,311
2_timothy,1,9,Christ,G5547,313
2_timothy,1,9,Jesus,G2424,315
2_timothy,1,9,before,G4253,317
2_timothy,1,9,the world,,318
2_timothy,1,9,began,G166,319
2_timothy,1,9,*,G5550,321
2_timothy,1,9,",",,322
2_timothy,1,10,But,G1161,324
2_timothy,1,10,is,G5319,326
2_timothy,1,10,now,G3568,328
2_timothy,1,10,made,,329
2_timothy,1,10,manifest,G5319,330
2_timothy,1,10,by,G1223,332
2_timothy,1,10,the,,333
2_timothy,1,10,appearing,G2015,334
2_timothy,1,10,of,,335
2_timothy,1,10,our,G2257,336
2_timothy,1,10,Saviour,G4990,338
2_timothy,1,10,Jesus,G2424,340
2_timothy,1,10,"Christ,",G5547,342
2_timothy,1,10,who,G3303,344
2_timothy,1,10,hath,,345
2_timothy,1,10,abolished,G2673,346
2_timothy,1,10,"death,",G2288,348
2_timothy,1,10,and,G1161,350
2_timothy,1,10,hath,,351
2_timothy,1,10,brought,G5461,352
2_timothy,1,10,life,G2222,354
2_timothy,1,10,and,G2532,356
2_timothy,1,10,immortality,G861,358
2_timothy,1,10,to,,359
2_timothy,1,10,light,G5461,360
2_timothy,1,10,through,G1223,362
2_timothy,1,10,the,,363
2_timothy,1,10,gospel:,G2098,364
2_timothy,1,11,Whereunto,G3739,367
2_timothy,1,11,*,G1519,369
2_timothy,1,11,I,G1473,371
2_timothy,1,11,am,,372
2_timothy,1,11,appointed,G5087,373
2_timothy,1,11,a,,374
2_timothy,1,11,"preacher,",G2783,375
2_timothy,1,11,and,G2532,377
2_timothy,1,11,an,,378
2_timothy,1,11,"apostle,",G652,379
2_timothy,1,11,and,G2532,381
2_timothy,1,11,a,,382
2_timothy,1,11,teacher,G1320,383
2_timothy,1,11,of the,,384
2_timothy,1,11,Gentiles.,G1484,385
2_timothy,1,12,For,G1223,388
2_timothy,1,12,the,,389
2_timothy,1,12,which,G3739,390
2_timothy,1,12,cause,G156,392
2_timothy,1,12,I,G3958,394
2_timothy,1,12,also,G2532,396
2_timothy,1,12,suffer,G3958,398
2_timothy,1,12,these,,399
2_timothy,1,12,things:,G5023,400
2_timothy,1,12,nevertheless,G235,402
2_timothy,1,12,I,,403
2_timothy,1,12,am,G1870,404
2_timothy,1,12,not,G3756,406
2_timothy,1,12,ashamed,G1870,408
2_timothy,1,12,:,,409
2_timothy,1,12,for,G1063,410
2_timothy,1,12,I,,411
2_timothy,1,12,know,G1492,412
2_timothy,1,12,whom,G3739,414
2_timothy,1,12,I have,,415
2_timothy,1,12,believed,G4100,416
2_timothy,1,12,",",,417
2_timothy,1,12,and,G2532,418
2_timothy,1,12,am,,419
2_timothy,1,12,persuaded,G3982,420
2_timothy,1,12,that,G3754,422
2_timothy,1,12,he,,423
2_timothy,1,12,is,G2076,424
2_timothy,1,12,able,G1415,426
2_timothy,1,12,to,,427
2_timothy,1,12,keep,G5442,428
2_timothy,1,12,that which,,429
2_timothy,1,12,I,G3450,430
2_timothy,1,12,have committed unto,,431
2_timothy,1,12,him,G3866,432
2_timothy,1,12,against,G1519,434
2_timothy,1,12,that,G1565,436
2_timothy,1,12,day.,G2250,438
2_timothy,1,13,Hold,,440
2_timothy,1,13,fast,G2192,441
2_timothy,1,13,the,,442
2_timothy,1,13,form,G5296,443
2_timothy,1,13,of,,444
2_timothy,1,13,sound,G5198,445
2_timothy,1,13,"words,",G3056,447
2_timothy,1,13,which,G3739,449
2_timothy,1,13,thou hast,,450
2_timothy,1,13,heard,G191,451
2_timothy,1,13,of,G3844,453
2_timothy,1,13,"me,",G1700,455
2_timothy,1,13,in,G1722,457
2_timothy,1,13,faith,G4102,459
2_timothy,1,13,and,G2532,461
2_timothy,1,13,love,G26,463
2_timothy,1,13,which,G3588,465
2_timothy,1,13,is,,466
2_timothy,1,13,in,G1722,467
2_timothy,1,13,Christ,G5547,469
2_timothy,1,13,Jesus.,G2424,471
2_timothy,1,14,That good,,473
2_timothy,1,14,thing,G2570,474
2_timothy,1,14,which was committed unto,,475
2_timothy,1,14,thee,G3872,476
2_timothy,1,14,keep,G5442,478
2_timothy,1,14,by,G1223,480
2_timothy,1,14,the,,481
2_timothy,1,14,Holy,G40,482
2_timothy,1,14,Ghost,G4151,484
2_timothy,1,14,which,G3588,486
2_timothy,1,14,dwelleth,G1774,488
2_timothy,1,14,in,G1722,490
2_timothy,1,14,us.,G2254,492
2_timothy,1,15,This,G5124,495
2_timothy,1,15,thou,,496
2_timothy,1,15,knowest,G1492,497
2_timothy,1,15,",",,498
2_timothy,1,15,that,G3754,499
2_timothy,1,15,all,G3956,501
2_timothy,1,15,they which are,,502
2_timothy,1,15,in,G1722,503
2_timothy,1,15,Asia,G773,505
2_timothy,1,15,be turned away,,506
2_timothy,1,15,from,G654,507
2_timothy,1,15,me;,G3165,509
2_timothy,1,15,of,,510
2_timothy,1,15,whom,G3739,511
2_timothy,1,15,are,G2076,513
2_timothy,1,15,Phygellus,G5436,515
2_timothy,1,15,and,G2532,517
2_timothy,1,15,Hermogenes.,G2061,519
2_timothy,1,16,The,,521
2_timothy,1,16,Lord,G2962,522
2_timothy,1,16,give,G1325,524
2_timothy,1,16,mercy,G1656,526
2_timothy,1,16,unto the,,527
2_timothy,1,16,house,G3624,528
2_timothy,1,16,of,,529
2_timothy,1,16,Onesiphorus;,G3683,530
2_timothy,1,16,for,G3754,532
2_timothy,1,16,he,G404,534
2_timothy,1,16,oft,G4178,536
2_timothy,1,16,refreshed,G404,538
2_timothy,1,16,"me,",G3165,540
2_timothy,1,16,and,G2532,542
2_timothy,1,16,was,G1870,544
2_timothy,1,16,not,G3756,546
2_timothy,1,16,ashamed,G1870,548
2_timothy,1,16,of,,549
2_timothy,1,16,my,G3450,550
2_timothy,1,16,chain:,G254,552
2_timothy,1,17,"But,",G235,555
2_timothy,1,17,when he,,556
2_timothy,1,17,was,G1096,557
2_timothy,1,17,in,G1722,559
2_timothy,1,17,"Rome,",G4516,561
2_timothy,1,17,he,,562
2_timothy,1,17,sought,G2212,563
2_timothy,1,17,me,G3165,565
2_timothy,1,17,out,G2212,567
2_timothy,1,17,very,,568
2_timothy,1,17,"diligently,",G4706,569
2_timothy,1,17,and,G2532,571
2_timothy,1,17,found,G2147,573
2_timothy,1,17,me.,,574
2_timothy,1,18,The,,575
2_timothy,1,18,Lord,G2962,576
2_timothy,1,18,grant,G1325,578
2_timothy,1,18,unto,,579
2_timothy,1,18,him,G846,580
2_timothy,1,18,that he may,,581
2_timothy,1,18,find,G2147,582
2_timothy,1,18,mercy,G1656,584
2_timothy,1,18,of,G3844,586
2_timothy,1,18,the,,587
2_timothy,1,18,Lord,G2962,588
2_timothy,1,18,in,G1722,590
2_timothy,1,18,that,G1565,592
2_timothy,1,18,day:,G2250,594
2_timothy,1,18,and,G2532,596
2_timothy,1,18,in how many,,597
2_timothy,1,18,things,G3745,598
2_timothy,1,18,he ministered unto,,599
2_timothy,1,18,me,G1247,600
2_timothy,1,18,at,G1722,602
2_timothy,1,18,"Ephesus,",G2181,604
2_timothy,1,18,thou,G4771,606
2_timothy,1,18,knowest,G1097,608
2_timothy,1,18,very,,609
2_timothy,1,18,well.,G957,610
2_timothy,2,1,Thou,G4771,1
2_timothy,2,1,"therefore,",G3767,3
2_timothy,2,1,my,G3450,5
2_timothy,2,1,"son,",G5043,7
2_timothy,2,1,be,,8
2_timothy,2,1,strong,G1743,9
2_timothy,2,1,in,G1722,11
2_timothy,2,1,the,,12
2_timothy,2,1,grace,G5485,13
2_timothy,2,1,that is,,14
2_timothy,2,1,in,G1722,15
2_timothy,2,1,Christ,G5547,17
2_timothy,2,1,Jesus.,G2424,19
2_timothy,2,2,And,G2532,22
2_timothy,2,2,the,,23
2_timothy,2,2,things,G3739,24
2_timothy,2,2,that thou hast,,25
2_timothy,2,2,heard,G191,26
2_timothy,2,2,of,G3844,28
2_timothy,2,2,me,G1700,30
2_timothy,2,2,among,G1223,32
2_timothy,2,2,many,G4183,34
2_timothy,2,2,"witnesses,",G3144,36
2_timothy,2,2,the,,37
2_timothy,2,2,same,G5023,38
2_timothy,2,2,commit,,39
2_timothy,2,2,thou,G3908,40
2_timothy,2,2,to,,41
2_timothy,2,2,faithful,G4103,42
2_timothy,2,2,"men,",G444,44
2_timothy,2,2,who,G3748,46
2_timothy,2,2,shall,,47
2_timothy,2,2,be,G2071,48
2_timothy,2,2,able,G2425,50
2_timothy,2,2,to,,51
2_timothy,2,2,teach,G1321,52
2_timothy,2,2,others,G2087,54
2_timothy,2,2,also.,G2532,56
2_timothy,2,3,Thou,G4771,59
2_timothy,2,3,therefore,G3767,61
2_timothy,2,3,endure,,62
2_timothy,2,3,hardness,G2553,63
2_timothy,2,3,",",,64
2_timothy,2,3,as,G5613,65
2_timothy,2,3,a,,66
2_timothy,2,3,good,G2570,67
2_timothy,2,3,soldier,G4757,69
2_timothy,2,3,of,,70
2_timothy,2,3,Jesus,G2424,71
2_timothy,2,3,Christ.,G5547,73
2_timothy,2,4,No,,75
2_timothy,2,4,man,G3762,76
2_timothy,2,4,that,,77
2_timothy,2,4,warreth,G4754,78
2_timothy,2,4,entangleth,,79
2_timothy,2,4,himself,G1707,80
2_timothy,2,4,with the,,81
2_timothy,2,4,affairs,G4230,82
2_timothy,2,4,of this,,83
2_timothy,2,4,life;,G979,84
2_timothy,2,4,that,G2443,86
2_timothy,2,4,he may,,87
2_timothy,2,4,please,G700,88
2_timothy,2,4,him who hath chosen him to be a,,89
2_timothy,2,4,soldier,G4758,90
2_timothy,2,4,.,,91
2_timothy,2,5,And,G1161,93
2_timothy,2,5,if,G1437,95
2_timothy,2,5,a,,96
2_timothy,2,5,man,G5100,97
2_timothy,2,5,also,G2532,99
2_timothy,2,5,strive,G118,101
2_timothy,2,5,"for masteries, yet is",,102
2_timothy,2,5,he,G4737,103
2_timothy,2,5,not,G3756,105
2_timothy,2,5,crowned,G4737,107
2_timothy,2,5,",",,108
2_timothy,2,5,except,G3362,109
2_timothy,2,5,he,,110
2_timothy,2,5,strive,G118,111
2_timothy,2,5,lawfully.,G3545,113
2_timothy,2,6,The,,115
2_timothy,2,6,husbandman,G1092,116
2_timothy,2,6,that,,117
2_timothy,2,6,laboureth,G2872,118
2_timothy,2,6,must,,119
2_timothy,2,6,be,G1163,120
2_timothy,2,6,first,G4413,122
2_timothy,2,6,partaker,G3335,124
2_timothy,2,6,of the,,125
2_timothy,2,6,fruits.,G2590,126
2_timothy,2,7,Consider,G3539,129
2_timothy,2,7,what,G3739,131
2_timothy,2,7,I,,132
2_timothy,2,7,say,G3004,133
2_timothy,2,7,;,,134
2_timothy,2,7,and,G1063,135
2_timothy,2,7,the,,136
2_timothy,2,7,Lord,G2962,137
2_timothy,2,7,give,G1325,139
2_timothy,2,7,thee,G4671,141
2_timothy,2,7,understanding,G4907,143
2_timothy,2,7,in,G1722,145
2_timothy,2,7,all,,146
2_timothy,2,7,things.,G3956,147
2_timothy,2,8,Remember,G3421,150
2_timothy,2,8,that,,151
2_timothy,2,8,Jesus,G2424,152
2_timothy,2,8,Christ,G5547,154
2_timothy,2,8,of,G1537,156
2_timothy,2,8,the,,157
2_timothy,2,8,seed,G4690,158
2_timothy,2,8,of,,159
2_timothy,2,8,David,G1138,160
2_timothy,2,8,was,,161
2_timothy,2,8,raised,G1453,162
2_timothy,2,8,from,G1537,164
2_timothy,2,8,the,,165
2_timothy,2,8,dead,G3498,166
2_timothy,2,8,according,,167
2_timothy,2,8,to,G2596,168
2_timothy,2,8,my,G3450,170
2_timothy,2,8,gospel:,G2098,172
2_timothy,2,9,Wherein,G3739,175
2_timothy,2,9,I,G1722,177
2_timothy,2,9,suffer,,178
2_timothy,2,9,trouble,G2553,179
2_timothy,2,9,",",,180
2_timothy,2,9,as,G5613,181
2_timothy,2,9,an evil,,182
2_timothy,2,9,"doer,",G2557,183
2_timothy,2,9,even,,184
2_timothy,2,9,unto,G3360,185
2_timothy,2,9,bonds;,G1199,187
2_timothy,2,9,but,G235,189
2_timothy,2,9,the,,190
2_timothy,2,9,word,G3056,191
2_timothy,2,9,of,,192
2_timothy,2,9,God,G2316,193
2_timothy,2,9,is,G1210,195
2_timothy,2,9,not,G3756,197
2_timothy,2,9,bound,G1210,199
2_timothy,2,9,.,,200
2_timothy,2,10,Therefore,G5124,202
2_timothy,2,10,I,G1223,204
2_timothy,2,10,endure,G5278,206
2_timothy,2,10,all,,207
2_timothy,2,10,things,G3956,208
2_timothy,2,10,for,G1588,210
2_timothy,2,10,the,,211
2_timothy,2,10,elect's,G1588,212
2_timothy,2,10,"sakes,",G1223,214
2_timothy,2,10,that,G2443,216
2_timothy,2,10,they,G846,218
2_timothy,2,10,may,G5177,220
2_timothy,2,10,also,G2532,222
2_timothy,2,10,obtain,G5177,224
2_timothy,2,10,the,,225
2_timothy,2,10,salvation,G4991,226
2_timothy,2,10,which,G3588,228
2_timothy,2,10,is,,229
2_timothy,2,10,in,G1722,230
2_timothy,2,10,Christ,G5547,232
2_timothy,2,10,Jesus,G2424,234
2_timothy,2,10,with,G3326,236
2_timothy,2,10,eternal,G166,238
2_timothy,2,10,glory.,G1391,240
2_timothy,2,11,It is a,,242
2_timothy,2,11,faithful,G4103,243
2_timothy,2,11,saying:,G3056,245
2_timothy,2,11,For,G1063,247
2_timothy,2,11,if,G1487,249
2_timothy,2,11,we be dead,,250
2_timothy,2,11,with,G4880,251
2_timothy,2,11,"him, we",,252
2_timothy,2,11,shall,G4800,253
2_timothy,2,11,also,G2532,255
2_timothy,2,11,live,,256
2_timothy,2,11,with,G4800,257
2_timothy,2,11,him:,,258
2_timothy,2,12,If,G1487,260
2_timothy,2,12,we,,261
2_timothy,2,12,suffer,G5278,262
2_timothy,2,12,", we",,263
2_timothy,2,12,shall,G4821,264
2_timothy,2,12,also,G2532,266
2_timothy,2,12,reign,,267
2_timothy,2,12,with,G4821,268
2_timothy,2,12,him:,,269
2_timothy,2,12,if,G1487,270
2_timothy,2,12,we,,271
2_timothy,2,12,deny,G720,272
2_timothy,2,12,"him, he",,273
2_timothy,2,12,also,G2548,274
2_timothy,2,12,will,,275
2_timothy,2,12,deny,G720,276
2_timothy,2,12,us:,G2248,278
2_timothy,2,13,If,G1487,281
2_timothy,2,13,we believe,,282
2_timothy,2,13,not,G569,283
2_timothy,2,13,", yet",,284
2_timothy,2,13,he,G1565,285
2_timothy,2,13,abideth,G3306,287
2_timothy,2,13,faithful:,G4103,289
2_timothy,2,13,he,,290
2_timothy,2,13,cannot,G1410,291
2_timothy,2,13,*,G3756,293
2_timothy,2,13,deny,G720,295
2_timothy,2,13,himself.,G1438,297
2_timothy,2,14,Of these,,299
2_timothy,2,14,things,G5023,300
2_timothy,2,14,put them in,,301
2_timothy,2,14,remembrance,G5279,302
2_timothy,2,14,",",,303
2_timothy,2,14,charging,G1263,304
2_timothy,2,14,them,,305
2_timothy,2,14,before,G1799,306
2_timothy,2,14,the,,307
2_timothy,2,14,Lord,G2962,308
2_timothy,2,14,that they,,309
2_timothy,2,14,strive,G3054,310
2_timothy,2,14,not,G3361,312
2_timothy,2,14,about,,313
2_timothy,2,14,words,G3054,314
2_timothy,2,14,to,G1519,316
2_timothy,2,14,no,G3762,318
2_timothy,2,14,"profit,",G5539,320
2_timothy,2,14,but,,321
2_timothy,2,14,to,G1909,322
2_timothy,2,14,the,,323
2_timothy,2,14,subverting,G2692,324
2_timothy,2,14,of the,,325
2_timothy,2,14,hearers,G191,326
2_timothy,2,14,.,,327
2_timothy,2,15,Study,G4704,329
2_timothy,2,15,to,,330
2_timothy,2,15,shew,G3936,331
2_timothy,2,15,thyself,G4572,333
2_timothy,2,15,approved,G1384,335
2_timothy,2,15,unto,,336
2_timothy,2,15,"God,",G2316,337
2_timothy,2,15,a,,338
2_timothy,2,15,workman,G2040,339
2_timothy,2,15,that needeth not to be,,340
2_timothy,2,15,"ashamed,",G422,341
2_timothy,2,15,rightly,,342
2_timothy,2,15,dividing,G3718,343
2_timothy,2,15,the,,344
2_timothy,2,15,word,G3056,345
2_timothy,2,15,of,,346
2_timothy,2,15,truth.,G225,347
2_timothy,2,16,But,G1161,350
2_timothy,2,16,shun,G4026,352
2_timothy,2,16,profane,G952,354
2_timothy,2,16,and vain,,355
2_timothy,2,16,babblings:,G2757,356
2_timothy,2,16,for,G1063,358
2_timothy,2,16,they will,,359
2_timothy,2,16,increase,G4298,360
2_timothy,2,16,unto,G1909,362
2_timothy,2,16,more,G4119,364
2_timothy,2,16,ungodliness.,G763,366
2_timothy,2,17,And,G2532,369
2_timothy,2,17,their,G846,371
2_timothy,2,17,word,G3056,373
2_timothy,2,17,will,,374
2_timothy,2,17,eat,G2192,375
2_timothy,2,17,*,G3542,377
2_timothy,2,17,as,G5613,379
2_timothy,2,17,doth a,,380
2_timothy,2,17,canker:,G1044,381
2_timothy,2,17,of,,382
2_timothy,2,17,whom,G3739,383
2_timothy,2,17,is,G2076,385
2_timothy,2,17,Hymenaeus,G5211,387
2_timothy,2,17,and,G2532,389
2_timothy,2,17,Philetus;,G5372,391
2_timothy,2,18,Who,G3748,394
2_timothy,2,18,concerning,G4012,396
2_timothy,2,18,the,,397
2_timothy,2,18,truth,G225,398
2_timothy,2,18,have,,399
2_timothy,2,18,erred,G795,400
2_timothy,2,18,",",,401
2_timothy,2,18,saying,G3004,402
2_timothy,2,18,that the,,403
2_timothy,2,18,resurrection,G386,404
2_timothy,2,18,is,,405
2_timothy,2,18,past,G1096,406
2_timothy,2,18,already;,G2235,408
2_timothy,2,18,and,G2532,410
2_timothy,2,18,overthrow,G396,412
2_timothy,2,18,the,,413
2_timothy,2,18,faith,G4102,414
2_timothy,2,18,of,,415
2_timothy,2,18,some.,G5100,416
2_timothy,2,19,Nevertheless,G3305,419
2_timothy,2,19,the,,420
2_timothy,2,19,foundation,G2310,421
2_timothy,2,19,of,,422
2_timothy,2,19,God,G2316,423
2_timothy,2,19,standeth,G2476,425
2_timothy,2,19,"sure,",G4731,427
2_timothy,2,19,having,G2192,429
2_timothy,2,19,this,G5026,431
2_timothy,2,19,"seal,",G4973,433
2_timothy,2,19,The,,434
2_timothy,2,19,Lord,G2962,435
2_timothy,2,19,knoweth,G1097,437
2_timothy,2,19,them that,,438
2_timothy,2,19,are,G5607,439
2_timothy,2,19,his.,G846,441
2_timothy,2,19,"And,",G2532,443
2_timothy,2,19,Let,G868,445
2_timothy,2,19,every,,446
2_timothy,2,19,one,G3956,447
2_timothy,2,19,that,,448
2_timothy,2,19,nameth,G3687,449
2_timothy,2,19,the,,450
2_timothy,2,19,name,G3686,451
2_timothy,2,19,of,,452
2_timothy,2,19,Christ,G5547,453
2_timothy,2,19,depart,G868,455
2_timothy,2,19,from,G575,457
2_timothy,2,19,iniquity.,G93,459
2_timothy,2,20,But,G1161,462
2_timothy,2,20,in,G1722,464
2_timothy,2,20,a,,465
2_timothy,2,20,great,G3173,466
2_timothy,2,20,house,G3614,468
2_timothy,2,20,there,,469
2_timothy,2,20,are,G2076,470
2_timothy,2,20,not,G3756,472
2_timothy,2,20,only,G3440,474
2_timothy,2,20,vessels,G4632,476
2_timothy,2,20,of,,477
2_timothy,2,20,gold,G5552,478
2_timothy,2,20,and,G2532,480
2_timothy,2,20,of,,481
2_timothy,2,20,"silver,",G693,482
2_timothy,2,20,but,G235,484
2_timothy,2,20,also,G2532,486
2_timothy,2,20,of,,487
2_timothy,2,20,wood,G3585,488
2_timothy,2,20,and,G2532,490
2_timothy,2,20,of,,491
2_timothy,2,20,earth;,G3749,492
2_timothy,2,20,and,G2532,494
2_timothy,2,20,some,G3303,496
2_timothy,2,20,*,G3739,498
2_timothy,2,20,to,G1519,500
2_timothy,2,20,"honour,",G5092,502
2_timothy,2,20,and,G1161,504
2_timothy,2,20,some,G3739,506
2_timothy,2,20,to,G1519,508
2_timothy,2,20,dishonour.,G819,510
2_timothy,2,21,If,G1437,513
2_timothy,2,21,a,,514
2_timothy,2,21,man,G5100,515
2_timothy,2,21,therefore,G3767,517
2_timothy,2,21,purge,G1571,519
2_timothy,2,21,himself,G1438,521
2_timothy,2,21,from,G575,523
2_timothy,2,21,"these,",G5130,525
2_timothy,2,21,he shall,,526
2_timothy,2,21,be,G2071,527
2_timothy,2,21,a,,528
2_timothy,2,21,vessel,G4632,529
2_timothy,2,21,unto,G1519,531
2_timothy,2,21,"honour,",G5092,533
2_timothy,2,21,sanctified,G37,535
2_timothy,2,21,",",,536
2_timothy,2,21,and,G2532,537
2_timothy,2,21,meet,G2173,539
2_timothy,2,21,for the master's,,540
2_timothy,2,21,"use,",G1203,541
2_timothy,2,21,and,,542
2_timothy,2,21,prepared,G2090,543
2_timothy,2,21,unto,G1519,545
2_timothy,2,21,every,G3956,547
2_timothy,2,21,good,G18,549
2_timothy,2,21,work.,G2041,551
2_timothy,2,22,Flee,G5343,554
2_timothy,2,22,also,G1161,556
2_timothy,2,22,youthful,G3512,558
2_timothy,2,22,lusts:,G1939,560
2_timothy,2,22,but,G1161,562
2_timothy,2,22,follow,G1377,564
2_timothy,2,22,"righteousness,",G1343,566
2_timothy,2,22,"faith,",G4102,568
2_timothy,2,22,"charity,",G26,570
2_timothy,2,22,"peace,",G1515,572
2_timothy,2,22,with,G3326,574
2_timothy,2,22,them that call,,575
2_timothy,2,22,on,G1941,576
2_timothy,2,22,the,,577
2_timothy,2,22,Lord,G2962,578
2_timothy,2,22,out,,579
2_timothy,2,22,of,G1537,580
2_timothy,2,22,a,,581
2_timothy,2,22,pure,G2513,582
2_timothy,2,22,heart.,G2588,584
2_timothy,2,23,But,G1161,587
2_timothy,2,23,foolish,G3474,589
2_timothy,2,23,and,G2532,591
2_timothy,2,23,unlearned,G521,593
2_timothy,2,23,questions,G2214,595
2_timothy,2,23,avoid,G3868,597
2_timothy,2,23,",",,598
2_timothy,2,23,knowing,G1492,599
2_timothy,2,23,that,G3754,601
2_timothy,2,23,they do,,602
2_timothy,2,23,gender,G1080,603
2_timothy,2,23,strifes.,G3163,605
2_timothy,2,24,And,G1161,608
2_timothy,2,24,the,,609
2_timothy,2,24,servant,G1401,610
2_timothy,2,24,of the,,611
2_timothy,2,24,Lord,G2962,612
2_timothy,2,24,must,G1163,614
2_timothy,2,24,not,G3756,616
2_timothy,2,24,strive,G3164,618
2_timothy,2,24,;,,619
2_timothy,2,24,but,G235,620
2_timothy,2,24,be,G1511,622
2_timothy,2,24,gentle,G2261,624
2_timothy,2,24,unto,G4314,626
2_timothy,2,24,all,G3956,628
2_timothy,2,24,"men, apt to",,629
2_timothy,2,24,"teach,",G1317,630
2_timothy,2,24,"patient,",G420,632
2_timothy,2,25,In,G1722,635
2_timothy,2,25,meekness,G4236,637
2_timothy,2,25,instructing,G3811,639
2_timothy,2,25,those that oppose,,640
2_timothy,2,25,themselves,G475,641
2_timothy,2,25,;,,642
2_timothy,2,25,if,G3379,643
2_timothy,2,25,God,G2316,645
2_timothy,2,25,peradventure,G3379,647
2_timothy,2,25,will,,648
2_timothy,2,25,give,G1325,649
2_timothy,2,25,them,G846,651
2_timothy,2,25,repentance,G3341,653
2_timothy,2,25,to,G1519,655
2_timothy,2,25,the,,656
2_timothy,2,25,acknowledging,G1922,657
2_timothy,2,25,of the,,658
2_timothy,2,25,truth;,G225,659
2_timothy,2,26,And,G2532,662
2_timothy,2,26,that they may recover,,663
2_timothy,2,26,themselves,G366,664
2_timothy,2,26,out,,665
2_timothy,2,26,of,G1537,666
2_timothy,2,26,the,,667
2_timothy,2,26,snare,G3803,668
2_timothy,2,26,of the,,669
2_timothy,2,26,"devil,",G1228,670
2_timothy,2,26,who are taken,,671
2_timothy,2,26,captive,G2221,672
2_timothy,2,26,by,G5259,674
2_timothy,2,26,him,G846,676
2_timothy,2,26,at,G1519,678
2_timothy,2,26,his,G1565,680
2_timothy,2,26,will.,G2307,682
2_timothy,3,1,This,G5124,1
2_timothy,3,1,know,G1097,3
2_timothy,3,1,"also,",G1161,5
2_timothy,3,1,that,G3754,7
2_timothy,3,1,in,G1722,9
2_timothy,3,1,the,,10
2_timothy,3,1,last,G2078,11
2_timothy,3,1,days,G2250,13
2_timothy,3,1,perilous,G5467,15
2_timothy,3,1,times,G2540,17
2_timothy,3,1,shall,,18
2_timothy,3,1,come,G1764,19
2_timothy,3,1,.,,20
2_timothy,3,2,For,G1063,22
2_timothy,3,2,men,G444,24
2_timothy,3,2,shall,,25
2_timothy,3,2,be,G2071,26
2_timothy,3,2,lovers of their own,,27
2_timothy,3,2,"selves,",G5367,28
2_timothy,3,2,"covetous,",G5366,30
2_timothy,3,2,"boasters,",G213,32
2_timothy,3,2,"proud,",G5244,34
2_timothy,3,2,"blasphemers,",G989,36
2_timothy,3,2,disobedient,G545,38
2_timothy,3,2,to,,39
2_timothy,3,2,"parents,",G1118,40
2_timothy,3,2,"unthankful,",G884,42
2_timothy,3,2,"unholy,",G462,44
2_timothy,3,3,Without natural,,46
2_timothy,3,3,"affection,",G794,47
2_timothy,3,3,"trucebreakers,",G786,49
2_timothy,3,3,false,,50
2_timothy,3,3,"accusers,",G1228,51
2_timothy,3,3,"incontinent,",G193,53
2_timothy,3,3,"fierce,",G434,55
2_timothy,3,3,despisers of those that are,,56
2_timothy,3,3,"good,",G865,57
2_timothy,3,4,"Traitors,",G4273,60
2_timothy,3,4,"heady,",G4312,62
2_timothy,3,4,highminded,G5187,64
2_timothy,3,4,", lovers of",,65
2_timothy,3,4,pleasures,G5369,66
2_timothy,3,4,more,G3123,68
2_timothy,3,4,than,G2228,70
2_timothy,3,4,lovers of,,71
2_timothy,3,4,God;,G5377,72
2_timothy,3,5,Having,G2192,75
2_timothy,3,5,a,,76
2_timothy,3,5,form,G3446,77
2_timothy,3,5,of,,78
2_timothy,3,5,"godliness,",G2150,79
2_timothy,3,5,but,G1161,81
2_timothy,3,5,denying,G720,83
2_timothy,3,5,the,,84
2_timothy,3,5,power,G1411,85
2_timothy,3,5,thereof:,G846,87
2_timothy,3,5,from,G2532,89
2_timothy,3,5,such,G5128,91
2_timothy,3,5,turn,,92
2_timothy,3,5,away,G665,93
2_timothy,3,5,.,,94
2_timothy,3,6,For,G1063,96
2_timothy,3,6,of,G1537,98
2_timothy,3,6,this,,99
2_timothy,3,6,sort,G5130,100
2_timothy,3,6,are,,101
2_timothy,3,6,they,G1526,102
2_timothy,3,6,which,,103
2_timothy,3,6,creep,G1744,104
2_timothy,3,6,into,G1519,106
2_timothy,3,6,"houses,",G3614,108
2_timothy,3,6,and,G2532,110
2_timothy,3,6,lead,,111
2_timothy,3,6,captive,G162,112
2_timothy,3,6,silly,,113
2_timothy,3,6,women,G1133,114
2_timothy,3,6,laden,G4987,116
2_timothy,3,6,with,,117
2_timothy,3,6,"sins,",G266,118
2_timothy,3,6,led,,119
2_timothy,3,6,away,G71,120
2_timothy,3,6,with,,121
2_timothy,3,6,divers,G4164,122
2_timothy,3,6,"lusts,",G1939,124
2_timothy,3,7,Ever,G3842,127
2_timothy,3,7,learning,G3129,129
2_timothy,3,7,",",,130
2_timothy,3,7,and,G2532,131
2_timothy,3,7,never,G3368,133
2_timothy,3,7,able,G1410,135
2_timothy,3,7,to,,136
2_timothy,3,7,come,G2064,137
2_timothy,3,7,to,G1519,139
2_timothy,3,7,the,,140
2_timothy,3,7,knowledge,G1922,141
2_timothy,3,7,of the,,142
2_timothy,3,7,truth.,G225,143
2_timothy,3,8,*,,147
2_timothy,3,8,Now,G1161,148
2_timothy,3,8,as,G5158,150
2_timothy,3,8,Jannes,G2389,152
2_timothy,3,8,and,G2532,154
2_timothy,3,8,Jambres,G2387,156
2_timothy,3,8,withstood,G436,158
2_timothy,3,8,"Moses,",G3475,160
2_timothy,3,8,so,G3779,162
2_timothy,3,8,do,G436,164
2_timothy,3,8,these,G3778,166
2_timothy,3,8,also,G2532,168
2_timothy,3,8,resist,G436,170
2_timothy,3,8,the,,171
2_timothy,3,8,truth:,G225,172
2_timothy,3,8,men,G444,174
2_timothy,3,8,of,,175
2_timothy,3,8,corrupt,G2704,176
2_timothy,3,8,"minds,",G3563,178
2_timothy,3,8,reprobate,G96,180
2_timothy,3,8,concerning,G4012,182
2_timothy,3,8,the,,183
2_timothy,3,8,faith.,G4102,184
2_timothy,3,9,But,G235,187
2_timothy,3,9,they shall,,188
2_timothy,3,9,proceed,G4298,189
2_timothy,3,9,no,G3756,191
2_timothy,3,9,further,G4119,193
2_timothy,3,9,*,G1909,195
2_timothy,3,9,:,,196
2_timothy,3,9,for,G1063,197
2_timothy,3,9,their,G846,199
2_timothy,3,9,folly,G454,201
2_timothy,3,9,shall,,202
2_timothy,3,9,be,G2071,203
2_timothy,3,9,manifest,G1552,205
2_timothy,3,9,unto,,206
2_timothy,3,9,all,G3956,207
2_timothy,3,9,"men,",,208
2_timothy,3,9,as,G5613,209
2_timothy,3,9,theirs,G1565,211
2_timothy,3,9,also,G2532,213
2_timothy,3,9,was,G1096,215
2_timothy,3,9,.,,216
2_timothy,3,10,But,G1161,218
2_timothy,3,10,thou,G4771,220
2_timothy,3,10,hast fully,,221
2_timothy,3,10,known,G3877,222
2_timothy,3,10,my,G3450,224
2_timothy,3,10,"doctrine,",G1319,226
2_timothy,3,10,manner of,,227
2_timothy,3,10,"life,",G72,228
2_timothy,3,10,"purpose,",G4286,230
2_timothy,3,10,"faith,",G4102,232
2_timothy,3,10,"longsuffering,",G3115,234
2_timothy,3,10,"charity,",G26,236
2_timothy,3,10,"patience,",G5281,238
2_timothy,3,11,"Persecutions,",G1375,241
2_timothy,3,11,"afflictions,",G3804,243
2_timothy,3,11,which,G3634,245
2_timothy,3,11,came,G1096,247
2_timothy,3,11,unto,,248
2_timothy,3,11,me,G3427,249
2_timothy,3,11,at,G1722,251
2_timothy,3,11,"Antioch,",G490,253
2_timothy,3,11,at,G1722,255
2_timothy,3,11,"Iconium,",G2430,257
2_timothy,3,11,at,G1722,259
2_timothy,3,11,Lystra;,G3082,261
2_timothy,3,11,what,G3634,263
2_timothy,3,11,persecutions,G1375,265
2_timothy,3,11,I,,266
2_timothy,3,11,endured,G5297,267
2_timothy,3,11,:,,268
2_timothy,3,11,but,G2532,269
2_timothy,3,11,out,,270
2_timothy,3,11,of,G1537,271
2_timothy,3,11,them,,272
2_timothy,3,11,all,G3956,273
2_timothy,3,11,the,,274
2_timothy,3,11,Lord,G2962,275
2_timothy,3,11,delivered,G4506,277
2_timothy,3,11,me.,G3165,279
2_timothy,3,12,"Yea,",G1161,282
2_timothy,3,12,and,G2532,284
2_timothy,3,12,all,G3956,286
2_timothy,3,12,that,,287
2_timothy,3,12,will,G2309,288
2_timothy,3,12,live,G2198,290
2_timothy,3,12,godly,G2153,292
2_timothy,3,12,in,G1722,294
2_timothy,3,12,Christ,G5547,296
2_timothy,3,12,Jesus,G2424,298
2_timothy,3,12,shall suffer,,299
2_timothy,3,12,persecution,G1377,300
2_timothy,3,12,.,,301
2_timothy,3,13,But,G1161,303
2_timothy,3,13,evil,G4190,305
2_timothy,3,13,men,G444,307
2_timothy,3,13,and,G2532,309
2_timothy,3,13,seducers,G1114,311
2_timothy,3,13,shall,,312
2_timothy,3,13,wax,G4298,313
2_timothy,3,13,worse and,,314
2_timothy,3,13,worse,G5501,315
2_timothy,3,13,*,G1909,317
2_timothy,3,13,",",,318
2_timothy,3,13,deceiving,G4105,319
2_timothy,3,13,",",,320
2_timothy,3,13,and,G2532,321
2_timothy,3,13,being,,322
2_timothy,3,13,deceived,G4105,323
2_timothy,3,13,.,,324
2_timothy,3,14,But,G1161,326
2_timothy,3,14,continue,G3306,328
2_timothy,3,14,thou,G4771,330
2_timothy,3,14,in,G1722,332
2_timothy,3,14,the things,,333
2_timothy,3,14,which,G3739,334
2_timothy,3,14,thou hast,,335
2_timothy,3,14,learned,G3129,336
2_timothy,3,14,and,G2532,338
2_timothy,3,14,hast been assured,,339
2_timothy,3,14,of,G4104,340
2_timothy,3,14,",",,341
2_timothy,3,14,knowing,G1492,342
2_timothy,3,14,of,G3844,344
2_timothy,3,14,whom,G5101,346
2_timothy,3,14,thou hast,,347
2_timothy,3,14,learned,G3129,348
2_timothy,3,14,them;,,349
2_timothy,3,15,And,G2532,351
2_timothy,3,15,that,G3754,353
2_timothy,3,15,from,G575,355
2_timothy,3,15,a,,356
2_timothy,3,15,child,G1025,357
2_timothy,3,15,thou hast,,358
2_timothy,3,15,known,G1492,359
2_timothy,3,15,the,,360
2_timothy,3,15,holy,G2413,361
2_timothy,3,15,"scriptures,",G1121,363
2_timothy,3,15,which,G3588,365
2_timothy,3,15,are,,366
2_timothy,3,15,able,G1410,367
2_timothy,3,15,to,,368
2_timothy,3,15,make,G4679,369
2_timothy,3,15,thee,G4571,371
2_timothy,3,15,wise,G4679,373
2_timothy,3,15,unto,G1519,375
2_timothy,3,15,salvation,G4991,377
2_timothy,3,15,through,G1223,379
2_timothy,3,15,faith,G4102,381
2_timothy,3,15,which,G3588,383
2_timothy,3,15,is,,384
2_timothy,3,15,in,G1722,385
2_timothy,3,15,Christ,G5547,387
2_timothy,3,15,Jesus.,G2424,389
2_timothy,3,16,All,G3956,392
2_timothy,3,16,scripture,G1124,394
2_timothy,3,16,is given by inspiration of,,395
2_timothy,3,16,"God,",G2315,396
2_timothy,3,16,and,G2532,398
2_timothy,3,16,is,,399
2_timothy,3,16,profitable,G5624,400
2_timothy,3,16,for,G4314,402
2_timothy,3,16,"doctrine,",G1319,404
2_timothy,3,16,for,G4314,406
2_timothy,3,16,"reproof,",G1650,408
2_timothy,3,16,for,G4314,410
2_timothy,3,16,"correction,",G1882,412
2_timothy,3,16,for,G4314,414
2_timothy,3,16,instruction,G3809,416
2_timothy,3,16,in,G1722,418
2_timothy,3,16,righteousness:,G1343,420
2_timothy,3,17,That,G2443,423
2_timothy,3,17,the,,424
2_timothy,3,17,man,G444,425
2_timothy,3,17,of,,426
2_timothy,3,17,God,G2316,427
2_timothy,3,17,may,,428
2_timothy,3,17,be,G5600,429
2_timothy,3,17,"perfect,",G739,431
2_timothy,3,17,throughly,,432
2_timothy,3,17,furnished,G1822,433
2_timothy,3,17,unto,G4314,435
2_timothy,3,17,all,G3956,437
2_timothy,3,17,good,G18,439
2_timothy,3,17,works.,G2041,441
2_timothy,4,1,I,G1473,1
2_timothy,4,1,charge,G1263,3
2_timothy,4,1,thee,,4
2_timothy,4,1,therefore,G3767,5
2_timothy,4,1,before,G1799,7
2_timothy,4,1,"God,",G2316,9
2_timothy,4,1,and,G2532,11
2_timothy,4,1,the,,12
2_timothy,4,1,Lord,G2962,13
2_timothy,4,1,Jesus,G2424,15
2_timothy,4,1,"Christ,",G5547,17
2_timothy,4,1,who,G3588,19
2_timothy,4,1,shall,G3195,21
2_timothy,4,1,judge,G2919,23
2_timothy,4,1,the,,24
2_timothy,4,1,quick,G2198,25
2_timothy,4,1,and,G2532,27
2_timothy,4,1,the,,28
2_timothy,4,1,dead,G3498,29
2_timothy,4,1,at,G2596,31
2_timothy,4,1,his,G846,33
2_timothy,4,1,appearing,G2015,35
2_timothy,4,1,and,G2532,37
2_timothy,4,1,his,G846,39
2_timothy,4,1,kingdom;,G932,41
2_timothy,4,2,Preach,G2784,44
2_timothy,4,2,the,,45
2_timothy,4,2,word;,G3056,46
2_timothy,4,2,be,,47
2_timothy,4,2,instant,G2186,48
2_timothy,4,2,in,,49
2_timothy,4,2,"season,",G2122,50
2_timothy,4,2,out of,,51
2_timothy,4,2,season;,G171,52
2_timothy,4,2,reprove,G1651,54
2_timothy,4,2,",",,55
2_timothy,4,2,rebuke,G2008,56
2_timothy,4,2,",",,57
2_timothy,4,2,exhort,G3870,58
2_timothy,4,2,with,G1722,60
2_timothy,4,2,all,G3956,62
2_timothy,4,2,longsuffering,G3115,64
2_timothy,4,2,and,G2532,66
2_timothy,4,2,doctrine.,G1322,68
2_timothy,4,3,For,G1063,71
2_timothy,4,3,the,,72
2_timothy,4,3,time,G2540,73
2_timothy,4,3,will,,74
2_timothy,4,3,come,G2071,75
2_timothy,4,3,when,G3753,77
2_timothy,4,3,they,,78
2_timothy,4,3,will,G430,79
2_timothy,4,3,not,G3756,81
2_timothy,4,3,endure,G430,83
2_timothy,4,3,sound,G5198,85
2_timothy,4,3,doctrine;,G1319,87
2_timothy,4,3,but,G235,89
2_timothy,4,3,after,G2596,91
2_timothy,4,3,their,,92
2_timothy,4,3,own,G2398,93
2_timothy,4,3,lusts,G1939,95
2_timothy,4,3,shall they,,96
2_timothy,4,3,heap,G2002,97
2_timothy,4,3,to,,98
2_timothy,4,3,themselves,G1438,99
2_timothy,4,3,"teachers,",G1320,101
2_timothy,4,3,having,,102
2_timothy,4,3,itching,G2833,103
2_timothy,4,3,ears;,G189,105
2_timothy,4,4,And,G2532,108
2_timothy,4,4,they shall turn,,109
2_timothy,4,4,away,G654,110
2_timothy,4,4,*,G3303,112
2_timothy,4,4,their,,113
2_timothy,4,4,ears,G189,114
2_timothy,4,4,from,G575,116
2_timothy,4,4,the,,117
2_timothy,4,4,"truth,",G225,118
2_timothy,4,4,and,G1161,120
2_timothy,4,4,shall be,,121
2_timothy,4,4,turned,G1624,122
2_timothy,4,4,unto,G1909,124
2_timothy,4,4,fables.,G3454,126
2_timothy,4,5,But,G1161,129
2_timothy,4,5,watch,G3525,131
2_timothy,4,5,thou,G4771,133
2_timothy,4,5,in,G1722,135
2_timothy,4,5,all,,136
2_timothy,4,5,"things,",G3956,137
2_timothy,4,5,endure,,138
2_timothy,4,5,afflictions,G2553,139
2_timothy,4,5,",",,140
2_timothy,4,5,do,G4160,141
2_timothy,4,5,the,,142
2_timothy,4,5,work,G2041,143
2_timothy,4,5,of an,,144
2_timothy,4,5,"evangelist,",G2099,145
2_timothy,4,5,make full,,146
2_timothy,4,5,proof,G4135,147
2_timothy,4,5,of,,148
2_timothy,4,5,thy,G4675,149
2_timothy,4,5,ministry.,G1248,151
2_timothy,4,6,For,G1063,154
2_timothy,4,6,I,G1473,156
2_timothy,4,6,am,G4689,158
2_timothy,4,6,now,G2235,160
2_timothy,4,6,ready to be,,161
2_timothy,4,6,offered,G4689,162
2_timothy,4,6,",",,163
2_timothy,4,6,and,G2532,164
2_timothy,4,6,the,,165
2_timothy,4,6,time,G2540,166
2_timothy,4,6,of,,167
2_timothy,4,6,my,G1699,168
2_timothy,4,6,departure,G359,170
2_timothy,4,6,is at,,171
2_timothy,4,6,hand,G2186,172
2_timothy,4,6,.,,173
2_timothy,4,7,I have,,174
2_timothy,4,7,fought,G75,175
2_timothy,4,7,a,,176
2_timothy,4,7,good,G2570,177
2_timothy,4,7,"fight,",G73,179
2_timothy,4,7,I have,,180
2_timothy,4,7,finished,G5055,181
2_timothy,4,7,my,,182
2_timothy,4,7,"course,",G1408,183
2_timothy,4,7,I have,,184
2_timothy,4,7,kept,G5083,185
2_timothy,4,7,the,,186
2_timothy,4,7,faith:,G4102,187
2_timothy,4,8,Henceforth,G3063,190
2_timothy,4,8,there is laid,,191
2_timothy,4,8,up,G606,192
2_timothy,4,8,for,,193
2_timothy,4,8,me,G3427,194
2_timothy,4,8,a,,195
2_timothy,4,8,crown,G4735,196
2_timothy,4,8,of,,197
2_timothy,4,8,"righteousness,",G1343,198
2_timothy,4,8,which,G3739,200
2_timothy,4,8,the,,201
2_timothy,4,8,"Lord,",G2962,202
2_timothy,4,8,the,,203
2_timothy,4,8,righteous,G1342,204
2_timothy,4,8,"judge,",G2923,206
2_timothy,4,8,shall,,207
2_timothy,4,8,give,G591,208
2_timothy,4,8,me,G3427,210
2_timothy,4,8,at,G1722,212
2_timothy,4,8,that,G1565,214
2_timothy,4,8,day:,G2250,216
2_timothy,4,8,and,G1161,218
2_timothy,4,8,not,G3756,220
2_timothy,4,8,to,,221
2_timothy,4,8,me,G1698,222
2_timothy,4,8,"only,",G3440,224
2_timothy,4,8,but,G235,226
2_timothy,4,8,unto all,,227
2_timothy,4,8,them,G3956,228
2_timothy,4,8,also,G2532,230
2_timothy,4,8,that,,231
2_timothy,4,8,love,G25,232
2_timothy,4,8,his,G846,234
2_timothy,4,8,appearing.,G2015,236
2_timothy,4,9,Do thy,,238
2_timothy,4,9,diligence,G4704,239
2_timothy,4,9,to,,240
2_timothy,4,9,come,G2064,241
2_timothy,4,9,shortly,G5030,243
2_timothy,4,9,unto,G4314,245
2_timothy,4,9,me:,G3165,247
2_timothy,4,10,For,G1063,250
2_timothy,4,10,Demas,G1214,252
2_timothy,4,10,hath,,253
2_timothy,4,10,forsaken,G1459,254
2_timothy,4,10,"me, having",,255
2_timothy,4,10,loved,G25,256
2_timothy,4,10,this,,257
2_timothy,4,10,present,G3568,258
2_timothy,4,10,"world,",G165,260
2_timothy,4,10,and,G2532,262
2_timothy,4,10,is,,263
2_timothy,4,10,departed,G4198,264
2_timothy,4,10,unto,G1519,266
2_timothy,4,10,Thessalonica;,G2332,268
2_timothy,4,10,Crescens,G2913,270
2_timothy,4,10,to,G1519,272
2_timothy,4,10,"Galatia,",G1053,274
2_timothy,4,10,Titus,G5103,276
2_timothy,4,10,unto,G1519,278
2_timothy,4,10,Dalmatia.,G1149,280
2_timothy,4,11,Only,G3441,283
2_timothy,4,11,Luke,G3065,285
2_timothy,4,11,is,G2076,287
2_timothy,4,11,with,G3326,289
2_timothy,4,11,me.,G1700,291
2_timothy,4,11,Take,G353,293
2_timothy,4,11,"Mark,",G3138,295
2_timothy,4,11,and bring,,296
2_timothy,4,11,him,G71,297
2_timothy,4,11,with,G3326,299
2_timothy,4,11,thee:,G4572,301
2_timothy,4,11,for,G1063,303
2_timothy,4,11,he,,304
2_timothy,4,11,is,G2076,305
2_timothy,4,11,profitable,G2173,307
2_timothy,4,11,to,,308
2_timothy,4,11,me,G3427,309
2_timothy,4,11,for,G1519,311
2_timothy,4,11,the,,312
2_timothy,4,11,ministry.,G1248,313
2_timothy,4,12,And,G1161,316
2_timothy,4,12,Tychicus,G5190,318
2_timothy,4,12,have I,,319
2_timothy,4,12,sent,G649,320
2_timothy,4,12,to,G1519,322
2_timothy,4,12,Ephesus.,G2181,324
2_timothy,4,13,The,,326
2_timothy,4,13,cloke,G5341,327
2_timothy,4,13,that,G3739,329
2_timothy,4,13,I,,330
2_timothy,4,13,left,G620,331
2_timothy,4,13,at,G1722,333
2_timothy,4,13,Troas,G5174,335
2_timothy,4,13,with,G3844,337
2_timothy,4,13,"Carpus,",G2591,339
2_timothy,4,13,when thou,,340
2_timothy,4,13,comest,G2064,341
2_timothy,4,13,",",,342
2_timothy,4,13,bring,G5342,343
2_timothy,4,13,"with thee,",,344
2_timothy,4,13,and,G2532,345
2_timothy,4,13,the,,346
2_timothy,4,13,"books,",G975,347
2_timothy,4,13,but,,348
2_timothy,4,13,especially,G3122,349
2_timothy,4,13,the,,350
2_timothy,4,13,parchments.,G3200,351
2_timothy,4,14,Alexander,G223,354
2_timothy,4,14,the,,355
2_timothy,4,14,coppersmith,G5471,356
2_timothy,4,14,did,G1731,358
2_timothy,4,14,me,G3427,360
2_timothy,4,14,much,G4183,362
2_timothy,4,14,evil:,G2556,364
2_timothy,4,14,the,,365
2_timothy,4,14,Lord,G2962,366
2_timothy,4,14,reward,G591,368
2_timothy,4,14,him,G846,370
2_timothy,4,14,according,,371
2_timothy,4,14,to,G2596,372
2_timothy,4,14,his,G846,374
2_timothy,4,14,works:,G2041,376
2_timothy,4,15,Of,,378
2_timothy,4,15,whom,G3739,379
2_timothy,4,15,be,G5442,381
2_timothy,4,15,thou,G4771,383
2_timothy,4,15,ware,G5442,385
2_timothy,4,15,also;,G2532,387
2_timothy,4,15,for,G1063,389
2_timothy,4,15,he,,390
2_timothy,4,15,hath,G436,391
2_timothy,4,15,greatly,G3029,393
2_timothy,4,15,withstood,G436,395
2_timothy,4,15,our,G2251,397
2_timothy,4,15,words.,G3056,399
2_timothy,4,16,At,G1722,402
2_timothy,4,16,my,G3450,404
2_timothy,4,16,first,G4413,406
2_timothy,4,16,answer,G627,408
2_timothy,4,16,no,,409
2_timothy,4,16,man,G3762,410
2_timothy,4,16,stood,G4836,412
2_timothy,4,16,with,,413
2_timothy,4,16,"me,",G3427,414
2_timothy,4,16,but,G235,416
2_timothy,4,16,all,G3956,418
2_timothy,4,16,men,,419
2_timothy,4,16,forsook,G1459,420
2_timothy,4,16,me:,G3165,422
2_timothy,4,16,I pray God that it,,423
2_timothy,4,16,may,G3049,424
2_timothy,4,16,not,G3361,426
2_timothy,4,16,be,,427
2_timothy,4,16,laid,G3049,428
2_timothy,4,16,to their,,429
2_timothy,4,16,charge.,G846,430
2_timothy,4,17,Notwithstanding,G1161,433
2_timothy,4,17,the,,434
2_timothy,4,17,Lord,G2962,435
2_timothy,4,17,stood,G3936,437
2_timothy,4,17,with,,438
2_timothy,4,17,"me,",G3427,439
2_timothy,4,17,and,G2532,441
2_timothy,4,17,strengthened,G1743,443
2_timothy,4,17,me;,G3165,445
2_timothy,4,17,that,G2443,447
2_timothy,4,17,by,G1223,449
2_timothy,4,17,me,G1700,451
2_timothy,4,17,the,,452
2_timothy,4,17,preaching,G2782,453
2_timothy,4,17,might be fully,,454
2_timothy,4,17,known,G4135,455
2_timothy,4,17,",",,456
2_timothy,4,17,and,G2532,457
2_timothy,4,17,that,,458
2_timothy,4,17,all,G3956,459
2_timothy,4,17,the,,460
2_timothy,4,17,Gentiles,G1484,461
2_timothy,4,17,might,,462
2_timothy,4,17,hear,G191,463
2_timothy,4,17,:,,464
2_timothy,4,17,and,G2532,465
2_timothy,4,17,I was,,466
2_timothy,4,17,delivered,G4506,467
2_timothy,4,17,out,,468
2_timothy,4,17,of,G1537,469
2_timothy,4,17,the,,470
2_timothy,4,17,mouth,G4750,471
2_timothy,4,17,of the,,472
2_timothy,4,17,lion.,G3023,473
2_timothy,4,18,And,G2532,476
2_timothy,4,18,the,,477
2_timothy,4,18,Lord,G2962,478
2_timothy,4,18,shall,,479
2_timothy,4,18,deliver,G4506,480
2_timothy,4,18,me,G3165,482
2_timothy,4,18,from,G575,484
2_timothy,4,18,every,G3956,486
2_timothy,4,18,evil,G4190,488
2_timothy,4,18,"work,",G2041,490
2_timothy,4,18,and,G2532,492
2_timothy,4,18,will,,493
2_timothy,4,18,preserve,G4982,494
2_timothy,4,18,me,,495
2_timothy,4,18,unto,G1519,496
2_timothy,4,18,his,G846,498
2_timothy,4,18,heavenly,G2032,500
2_timothy,4,18,kingdom:,G932,502
2_timothy,4,18,to,,503
2_timothy,4,18,whom,G3739,504
2_timothy,4,18,be,,505
2_timothy,4,18,glory,G1391,506
2_timothy,4,18,for,G1519,508
2_timothy,4,18,ever,G165,510
2_timothy,4,18,and,,511
2_timothy,4,18,ever.,G165,512
2_timothy,4,18,Amen.,G281,514
2_timothy,4,19,Salute,G782,517
2_timothy,4,19,Prisca,G4251,519
2_timothy,4,19,and,G2532,521
2_timothy,4,19,"Aquila,",G207,523
2_timothy,4,19,and,G2532,525
2_timothy,4,19,the,,526
2_timothy,4,19,household,G3624,527
2_timothy,4,19,of,,528
2_timothy,4,19,Onesiphorus.,G3683,529
2_timothy,4,20,Erastus,G2037,532
2_timothy,4,20,abode,G3306,534
2_timothy,4,20,at,G1722,536
2_timothy,4,20,Corinth:,G2882,538
2_timothy,4,20,but,G1161,540
2_timothy,4,20,Trophimus,G5161,542
2_timothy,4,20,have I,,543
2_timothy,4,20,left,G620,544
2_timothy,4,20,at,G1722,546
2_timothy,4,20,Miletum,G3399,548
2_timothy,4,20,sick,G770,550
2_timothy,4,20,.,,551
2_timothy,4,21,Do thy,,552
2_timothy,4,21,diligence,G4704,553
2_timothy,4,21,to,,554
2_timothy,4,21,come,G2064,555
2_timothy,4,21,before,G4253,557
2_timothy,4,21,winter.,G5494,559
2_timothy,4,21,Eubulus,G2103,561
2_timothy,4,21,greeteth,G782,563
2_timothy,4,21,"thee,",G4571,565
2_timothy,4,21,and,G2532,567
2_timothy,4,21,"Pudens,",G4227,569
2_timothy,4,21,and,G2532,571
2_timothy,4,21,"Linus,",G3044,573
2_timothy,4,21,and,G2532,575
2_timothy,4,21,"Claudia,",G2803,577
2_timothy,4,21,and,G2532,579
2_timothy,4,21,all,G3956,581
2_timothy,4,21,the,,582
2_timothy,4,21,brethren.,G80,583
2_timothy,4,22,The,,585
2_timothy,4,22,Lord,G2962,586
2_timothy,4,22,Jesus,G2424,588
2_timothy,4,22,Christ,G5547,590
2_timothy,4,22,be,,591
2_timothy,4,22,with,G3326,592
2_timothy,4,22,thy,G4675,594
2_timothy,4,22,spirit.,G4151,596
2_timothy,4,22,Grace,G5485,598
2_timothy,4,22,be,,599
2_timothy,4,22,with,G3326,600
2_timothy,4,22,you.,G5216,602
2_timothy,4,22,Amen.,G281,604
2_timothy,4,22,[The,,605
2_timothy,4,22,second,G1208,606
2_timothy,4,22,epistle,,607
2_timothy,4,22,unto,G4314,608
2_timothy,4,22,"Timotheus,",G5095,610
2_timothy,4,22,ordained,G5500,612
2_timothy,4,22,the,,613
2_timothy,4,22,first,G4413,614
2_timothy,4,22,bishop,G1985,616
2_timothy,4,22,of the,,617
2_timothy,4,22,church,G1577,618
2_timothy,4,22,of the,,619
2_timothy,4,22,"Ephesians,",G2180,620
2_timothy,4,22,was,,621
2_timothy,4,22,written,G1125,622
2_timothy,4,22,from,G575,624
2_timothy,4,22,"Rome,",G4516,626
2_timothy,4,22,when,G3753,628
2_timothy,4,22,Paul,G3972,630
2_timothy,4,22,was brought,,631
2_timothy,4,22,before,G3936,632
2_timothy,4,22,Nero,G2541,634
2_timothy,4,22,the,G3505,636
2_timothy,4,22,second,G1208,638
2_timothy,4,22,*,G1537,640
2_timothy,4,22,time.],G2540,642
